{
    "mae_home": 0.8636324786324785,
    "mae_away": 0.7311965811965812,
    "rmse_home": 1.1265693707040625,
    "rmse_away": 0.9088651701082495,
    "accuracy": 0.6623931623931624
}